asin,title,main_cat,condition,variant,n_questions,description_text,average_rating,rating_number,price,memory port,rpm hard drive,keyboard / tablet,monitor,router,audio,usb,memory card,dvd,laptop
B00006B8CH,StarTech.com Computer Power supply ( internal ) - ATX - AC 115/230 V - 300 Watt - 9 output connector(s),Computers,human,0,10,"A reliable upgrade or replacement power supply for desktop PCs. This StarTech.com power supply offers an upgrade or replacement to a variety of Intel or AMD-based ATX desktop computer systems. Compliant with the industry standard ATX specification and using the standard ATX form-factor, this power supply (PSU) can be used as a replacement in a variety of popular OEM desktop systems. Conforming to ATX revision 2.03, this power supply features a 20-pin ATX power connector and 6-pin AUX power connector, for support for older, legacy computer systems, as well as some newer, low powered systems with it's ATX12V connector. High quality components and a built in 80mm cooling fan lend to a durable and reliable power supply, while being backed by StarTech.com's 2 year warranty and free lifetime technical support. Instantly replace your old ATX power supply with StarTech.com's reliable ATXPOWER300. It may be the last computer power supply you ever buy thanks to a long-life transformer and built-in short-circuit protection. The temperature controlled smart fan cools your entire system while the EMI/RFI power filter reduces noise/ripple. Guaranteed compatible with Intel Pentium processors, recommended by AMD, and MTBF of 40,000 hrs! Get your Pentium 4 power supply, backed by StarTech.com's 2-year warranty and FREE tech support, today! <b>Features and Benefits</b> <ul> <li>Provides extra power capacity for PC servers with several hard drives <li>Provides the extra current required by 1 GHz and faster CPUs <li>Provides extra power required by leading edge 3D video accelerator cards <li>Provides extra current and power capacity for overclocking CPUs <li>Guaranteed compatibility with Intel Pentium II, III, 4, AMD K6 and Athlon Processors </ul>",,,$1.54 ,1,0,0,0,0,0,0,0,0,0
B00006B8CH,StarTech.com Computer Power supply ( internal ) - ATX - AC 115/230 V - 300 Watt - 9 output connector(s),Computers,default,1,10,"Upgrade or replace your desktop’s power supply with this 300W ATX unit from StarTech.com. It delivers reliable power to your system with nine output connectors and includes built-in protection against short circuits. The smart cooling fan helps keep your computer running smoothly, while EMI/RFI filtering reduces electrical noise for stable performance. It’s a straightforward solution for keeping your PC powered and protected.",,,$1.54 ,1,0,0,0,0,0,0,0,0,0
B00006B8CH,StarTech.com Computer Power supply ( internal ) - ATX - AC 115/230 V - 300 Watt - 9 output connector(s),Computers,default,2,10,"This 300W internal ATX power supply offers a straightforward way to replace or upgrade the power source in a standard desktop computer. With nine output connectors, built-in short-circuit protection, and efficient cooling, it provides stable power for everyday computing needs. Premium EMI/RFI filtering helps reduce noise and ripple for cleaner power delivery to your system components.",,,$1.54 ,1,0,0,0,0,0,0,0,0,0
B00006B8CH,StarTech.com Computer Power supply ( internal ) - ATX - AC 115/230 V - 300 Watt - 9 output connector(s),Computers,default,3,10,"This 300W ATX internal power supply is an ideal replacement or upgrade for standard desktop computers. With nine output connectors, built-in short-circuit protection, and premium EMI/RFI filtration, it delivers stable and reliable power to your system. A temperature-controlled high-flow fan helps maintain efficient cooling for both the power supply and connected components.",,,$1.54 ,1,0,0,0,0,0,0,0,0,0
B00006B8CH,StarTech.com Computer Power supply ( internal ) - ATX - AC 115/230 V - 300 Watt - 9 output connector(s),Computers,quality_persona,1,10,"Built for dependable performance, this 300W ATX power supply combines high-quality components, premium connectors, and a long-life transformer for lasting reliability. Clean, stable power is supported by advanced EMI/RFI filtering and low-resistance connectors that help maximize system performance. The temperature-controlled smart fan and built-in short-circuit protection add an extra layer of efficiency and protection. A solid choice for anyone who values durability and well-engineered hardware.",,,$1.54 ,1,0,0,0,0,0,0,0,0,0
B00006B8CH,StarTech.com Computer Power supply ( internal ) - ATX - AC 115/230 V - 300 Watt - 9 output connector(s),Computers,quality_persona,2,10,"Built for users who value long-term reliability, this 300W internal ATX power supply combines high-quality connectors, a durable transformer, and premium components for consistent system performance. Built-in short-circuit protection and EMI/RFI filtration provide clean, stable power while minimizing noise and ripple. The temperature-controlled smart fan and high-flow cooling design help protect both the power supply and connected components over extended use.",,,$1.54 ,1,0,0,0,0,0,0,0,0,0
B00006B8CH,StarTech.com Computer Power supply ( internal ) - ATX - AC 115/230 V - 300 Watt - 9 output connector(s),Computers,quality_persona,3,10,"Built for users who value durability and long-term performance, this 300W ATX power supply combines high-quality connectors, a long-life transformer, and built-in short-circuit protection for dependable operation. Premium EMI/RFI filtration delivers clean, stable power with minimal noise and ripple, helping protect sensitive components. The temperature-controlled smart fan and efficient cooling design support consistent system performance over extended use.",,,$1.54 ,1,0,0,0,0,0,0,0,0,0
B00006B8CH,StarTech.com Computer Power supply ( internal ) - ATX - AC 115/230 V - 300 Watt - 9 output connector(s),Computers,neutral_tone,1,10,"This 300W internal ATX power supply is a practical replacement or upgrade for standard desktop computers. It provides up to 300 watts of power and includes nine output connectors, including a 20-pin ATX connector. Built-in short-circuit protection, EMI/RFI filtering, and a temperature-controlled fan help deliver stable power while reducing electrical noise. The high-flow fan also helps keep your system cool during everyday use.",,,$1.54 ,1,0,0,0,0,0,0,0,0,0
B00006B8CH,StarTech.com Computer Power supply ( internal ) - ATX - AC 115/230 V - 300 Watt - 9 output connector(s),Computers,neutral_tone,2,10,"This 300W internal ATX power supply is a practical replacement or upgrade for standard desktop computers, offering nine output connectors and support for AC 115/230 V input. It delivers stable power to your components while built-in short-circuit protection helps safeguard your system. A temperature-controlled fan and EMI/RFI filter work together to keep your computer cool and reduce electrical noise for dependable everyday performance.",,,$1.54 ,1,0,0,0,0,0,0,0,0,0
B00006B8CH,StarTech.com Computer Power supply ( internal ) - ATX - AC 115/230 V - 300 Watt - 9 output connector(s),Computers,neutral_tone,3,10,"This 300W ATX internal power supply is a practical replacement or upgrade for standard desktop computers, offering nine output connectors and support for AC 115/230V input. It provides stable power delivery with built-in short-circuit protection and premium EMI/RFI filtration to reduce electrical noise and ripple. A temperature-controlled high-flow fan helps cool both the power supply and the rest of the system for dependable everyday performance.",,,$1.54 ,1,0,0,0,0,0,0,0,0,0
B00006B8CH,StarTech.com Computer Power supply ( internal ) - ATX - AC 115/230 V - 300 Watt - 9 output connector(s),Computers,neutral_tone_quality_persona,1,10,"Designed as a reliable replacement or upgrade for standard ATX systems, this 300W internal power supply delivers stable power through nine output connectors, including a 20-pin ATX connector. High-performance components, a long-life transformer, and premium connectors are engineered for durability and consistent electrical conductivity. Built-in short-circuit protection, advanced EMI/RFI filtration, and a temperature-controlled smart fan help ensure clean, stable power and dependable long-term operation. Its high-flow cooling fan supports both system and power supply efficiency.",,,$1.54 ,1,0,0,0,0,0,0,0,0,0
B00006B8CH,StarTech.com Computer Power supply ( internal ) - ATX - AC 115/230 V - 300 Watt - 9 output connector(s),Computers,neutral_tone_quality_persona,2,10,"Designed as a dependable replacement or upgrade for standard ATX systems, this 300W internal power supply delivers stable output through nine connectors and supports AC 115/230 V input. High-performance components, long-life connectors, and a durable transformer are engineered for consistent operation and extended service life. Built-in short-circuit protection, premium EMI/RFI filtration, and temperature-controlled cooling help maintain clean, reliable power for all system components.",,,$1.54 ,1,0,0,0,0,0,0,0,0,0
B00006B8CH,StarTech.com Computer Power supply ( internal ) - ATX - AC 115/230 V - 300 Watt - 9 output connector(s),Computers,neutral_tone_quality_persona,3,10,"Designed as a dependable replacement or upgrade for standard ATX systems, this 300W internal power supply delivers stable power through nine output connectors and supports AC 115/230V input. High-performance components, a long-life transformer, and built-in short-circuit protection help ensure reliable operation over time. A temperature-controlled high-flow fan provides efficient cooling, while premium EMI/RFI filtration reduces noise and ripple for clean, consistent power to critical components.",,,$1.54 ,1,0,0,0,0,0,0,0,0,0
1400501466,"Barnes &amp; Noble NOOK Tablet 16gb (Color, BNTV250)",Computers,human,0,10,"With the ENHANCED Duo-boot Nook Color you get the best of both worlds. You get the Nook Color which was recently won CNET Editors' Choice Award. The Nook Color is everything you want in an E-reader with all the extras you want.
Plus, you get a more useful full Android operating system to make your e-reader a tablet. It has full access to the Android Market, so you can install all sorts of apps and games. You will have access to thousands of free e-books, the Kindle apps, popular games, Pandora, etc. The fact that it is soft rooted to the full android operating system means that this device is capable of doing much more than the regular and very limited Nook Color",,,,0,1,0,0,0,0,0,0,0,0
1400501466,"Barnes &amp; Noble NOOK Tablet 16gb (Color, BNTV250)",Computers,default,1,10,"The Barnes & Noble NOOK Tablet is a compact and versatile device for reading, watching, and browsing. Its vibrant 7-inch touchscreen and 16 GB of storage let you enjoy books, comics, movies, music, and apps in one place. With access to popular services like Netflix, Hulu Plus, and Pandora, it offers plenty of entertainment options. Extra-long battery life means you can keep enjoying your content throughout the day.",,,,0,1,0,0,0,0,0,0,0,0
1400501466,"Barnes &amp; Noble NOOK Tablet 16gb (Color, BNTV250)",Computers,default,2,10,"Enjoy books, movies, music, and more on the Barnes & Noble NOOK Tablet with its bright 7-inch VividView touchscreen. With 16 GB of storage and access to over 2.5 million books, magazines, comics, and kids’ titles, there is always something new to explore. Stream from Netflix, Hulu Plus, and Pandora, browse the web, and check email with ease. Extra-long battery life keeps the entertainment going longer.",,,,0,1,0,0,0,0,0,0,0,0
1400501466,"Barnes &amp; Noble NOOK Tablet 16gb (Color, BNTV250)",Computers,default,3,10,"Enjoy reading, streaming, and browsing on the Barnes & Noble NOOK Tablet with its bright 7-inch touchscreen and 16 GB of storage. Discover over 2.5 million books, magazines, comics, and kids’ titles, plus popular apps like Netflix, Hulu Plus, and Pandora. Long battery life keeps you entertained longer, whether you’re checking email, surfing the web, or watching videos. It’s an easy-to-use tablet that brings books and entertainment together in one compact device.",,,,0,1,0,0,0,0,0,0,0,0
1400501466,"Barnes &amp; Noble NOOK Tablet 16gb (Color, BNTV250)",Computers,quality_persona,1,10,"Built for readers and media lovers who appreciate dependable technology, the Barnes & Noble NOOK Tablet combines a vivid 7-inch touchscreen with smooth performance and 16 GB of storage. Enjoy your favorite books, comics, movies, and music with easy access to top entertainment services. Native .cbz support and extra-long battery life make it a durable, versatile companion for everyday use. Its well-rounded design delivers lasting value for both reading and streaming.",,,,0,1,0,0,0,0,0,0,0,0
1400501466,"Barnes &amp; Noble NOOK Tablet 16gb (Color, BNTV250)",Computers,quality_persona,2,10,"Built for readers and media lovers who appreciate reliable performance, the NOOK Tablet combines a vivid 7-inch display with smooth streaming and responsive browsing. Its 16 GB of storage and extra-long battery life make it a dependable companion for books, comics, movies, and music. Native .cbz support and access to millions of titles add versatility, while trusted apps like Netflix and Pandora enhance everyday use. A thoughtfully designed tablet that delivers lasting value.",,,,0,1,0,0,0,0,0,0,0,0
1400501466,"Barnes &amp; Noble NOOK Tablet 16gb (Color, BNTV250)",Computers,quality_persona,3,10,"Built for readers and media lovers who appreciate reliable performance, the NOOK Tablet combines a vivid 7-inch touchscreen with 16 GB of storage and impressive battery life. Smooth streaming, responsive web browsing, and native comic support make it a thoughtfully engineered device that holds up well to daily use. Enjoy access to millions of books and top entertainment apps like Netflix, Hulu Plus, and Pandora. It’s a well-rounded tablet designed to deliver lasting value and dependable functionality.",,,,0,1,0,0,0,0,0,0,0,0
1400501466,"Barnes &amp; Noble NOOK Tablet 16gb (Color, BNTV250)",Computers,neutral_tone,1,10,"The Barnes & Noble NOOK Tablet features a 7-inch VividView touchscreen and 16 GB of memory for books, apps, and media. Enjoy HD movies, TV shows, music, email, web browsing, and streaming video with support for services like Netflix, Hulu Plus, and Pandora. It provides access to over 2.5 million books, magazines, comics, and kids' books, including native .cbz comic support. Extra-long battery life helps keep you entertained longer.",,,,0,1,0,0,0,0,0,0,0,0
1400501466,"Barnes &amp; Noble NOOK Tablet 16gb (Color, BNTV250)",Computers,neutral_tone,2,10,"The Barnes & Noble NOOK Tablet features a 7-inch VividView touchscreen and 16 GB of memory for reading, browsing, and entertainment. It provides access to over 2.5 million books, magazines, comics, and children’s titles, including native .cbz comic support. Users can enjoy HD movies, TV shows, music, email, web browsing, and streaming services such as Netflix, Hulu Plus, and Pandora. Extra-long battery life helps keep the device ready throughout the day.",,,,0,1,0,0,0,0,0,0,0,0
1400501466,"Barnes &amp; Noble NOOK Tablet 16gb (Color, BNTV250)",Computers,neutral_tone,3,10,"The Barnes & Noble NOOK Tablet features a 7-inch VividView touchscreen and 16 GB of memory for storing books, apps, and media. It provides access to more than 2.5 million books, magazines, comics, and children’s titles, with built-in support for .cbz comic files. Popular entertainment apps including Netflix, Hulu Plus, and Pandora are available for movies, TV shows, and music. With long battery life and smooth performance for web browsing, email, and video streaming, it is a versatile tablet for everyday use.",,,,0,1,0,0,0,0,0,0,0,0
1400501466,"Barnes &amp; Noble NOOK Tablet 16gb (Color, BNTV250)",Computers,neutral_tone_quality_persona,1,10,"Designed for users who value reliable performance and lasting functionality, the Barnes & Noble NOOK Tablet features a 7-inch VividView touchscreen and 16 GB of storage. It supports HD movies, TV shows, music, email, web browsing, and smooth streaming video. Access to over 2.5 million books, magazines, comics, and kids' titles, including native .cbz support, makes it a versatile reading device. Extra-long battery life adds to its dependable everyday use.",,,,0,1,0,0,0,0,0,0,0,0
1400501466,"Barnes &amp; Noble NOOK Tablet 16gb (Color, BNTV250)",Computers,neutral_tone_quality_persona,2,10,"Designed for users who value dependable engineering, this 7-inch NOOK Tablet features Barnes & Noble’s VividView touchscreen for crisp reading and media playback. With 16 GB of storage, support for over 2.5 million books and comics, and native .cbz compatibility, it offers versatile content access in a durable, well-rounded device. Smooth web browsing, email, and streaming are supported by long battery life for consistent everyday performance. Access to services like Netflix, Hulu Plus, and Pandora adds to its practical functionality.",,,,0,1,0,0,0,0,0,0,0,0
1400501466,"Barnes &amp; Noble NOOK Tablet 16gb (Color, BNTV250)",Computers,neutral_tone_quality_persona,3,10,"Designed for users who value dependable engineering and lasting performance, this 7-inch NOOK Tablet features Barnes & Noble’s VividView touchscreen for sharp, vibrant display quality. With 16 GB of storage, extra-long battery life, and smooth support for email, web browsing, and streaming video, it delivers consistent everyday performance. Access over 2.5 million books, magazines, comics, and kids’ titles, along with popular services like Netflix, Hulu Plus, and Pandora. Native .cbz support makes it a practical option for comic readers seeking a versatile and durable tablet.",,,,0,1,0,0,0,0,0,0,0,0
B00000K4KH,Kensington 64068F MicroSaver Keyed Laptop Lock for Business,Computers,human,0,9,"Deter thieves from stealing your notebook and the personal information on it. Patented T-bar locking mechanism and super-strong carbon tempered steel cable provide maximum protection that attaches to the standard Kensington security slot found in 99% of notebooks, and many flat panel monitors, desktops, projectors, printers, docking stations, tablet PCs, and other devices. Secure, protect and lock down your computer and leave it safe. The Kensington Microsaver notebook lock and security lock is 6 feet in length designed using a 5.5mm thick, super-strong, steel composite cable with a carbon tempered steel core. Its built-in defense system guards against lock tampering. The lock is easy to install and can be used to secure your laptop in the office or when traveling. The lock features a sleek styling and design won't block notebook ports or lift a notebook off the desk. <div class=""aplus""> <div class=""rightImage"" style=""width: 300px;""><img alt=""Kensington Microsaver Lock"" height=""194"" src=""https://images-na.ssl-images-amazon.com/images/G/01/electronics/detail-page/sC_b00000k4kh-callt.jpg"" width=""300"" /> <div class=""imageCaption"">Styling design won't block notebook ports or lift a notebook off the desk. <a href=""https://images-na.ssl-images-amazon.com/images/G/01/electronics/detail-page/B00000K4KH_details.jpg"" onclick=""window.open(this.href,null,'width=600,height=240'); return false"">View larger</a></div> </div> Deter thieves from stealing your notebook and the personal information on it. Patented T-bar locking mechanism and super-strong carbon tempered steel cable provide maximum protection that attaches to the standard Kensington security slot found in 99% of notebooks, and many flat panel monitors, desktops, projectors, printers, docking stations, tablet PCs, and other devices. Secure, protect and lock down your computer and leave it safe. The Kensington Microsaver notebook lock and security lock is 6 feet in length designed using a 5.5mm thick, super-strong, steel composite cable with a carbon tempered steel core. Its built-in defense system guards against lock tampering. The lock is easy to install and can be used to secure your laptop in the office or when traveling. The lock features a sleek styling and design won't block notebook ports or lift a notebook off the desk. <br />",,,$10.86 ,0,0,1,0,0,0,0,0,0,0
B00000K4KH,Kensington 64068F MicroSaver Keyed Laptop Lock for Business,Computers,default,1,9,"Keep your laptop and other compatible devices secure with this easy-to-use keyed lock. The strong steel cable is reinforced with Kevlar fiber for added durability, while the patented T-bar lock provides a secure connection. It’s a practical security solution backed by an 8-year warranty.",,,$10.86 ,0,0,1,0,0,0,0,0,0,0
B00000K4KH,Kensington 64068F MicroSaver Keyed Laptop Lock for Business,Computers,default,2,9,"This Kensington laptop lock offers reliable protection for laptops, monitors, and other devices with a Kensington security slot. Its reinforced cable and secure locking mechanism help deter theft at home, school, or the office. Lifetime technical support is included for extra peace of mind.",,,$10.86 ,0,0,1,0,0,0,0,0,0,0
B00000K4KH,Kensington 64068F MicroSaver Keyed Laptop Lock for Business,Computers,default,3,9,"Protect your valuable devices with a trusted security lock designed for everyday use. The steel cable with Kevlar fiber adds strength, and the keyed locking system keeps your equipment safely secured. With broad compatibility and long warranty coverage, it’s a dependable choice for business or personal use.",,,$10.86 ,0,0,1,0,0,0,0,0,0,0
B00000K4KH,Kensington 64068F MicroSaver Keyed Laptop Lock for Business,Computers,quality_persona,1,9,"Engineered for businesses that prioritize lasting protection, this lock combines Kensington’s trusted T-bar design with a steel cable reinforced by Kevlar fiber for exceptional strength. Its durable construction is built to withstand daily use while securing laptops, monitors, and other compatible devices. The 8-year warranty reflects the product’s long-term reliability.",,,$10.86 ,0,0,1,0,0,0,0,0,0,0
B00000K4KH,Kensington 64068F MicroSaver Keyed Laptop Lock for Business,Computers,quality_persona,2,9,"When build quality matters, this keyed laptop lock delivers dependable security with premium materials and proven engineering. The Kevlar-reinforced steel cable is designed for superior durability, and the patented T-bar lock ensures a secure fit. Backed by an industry-leading warranty, it offers confidence for years of use.",,,$10.86 ,0,0,1,0,0,0,0,0,0,0
B00000K4KH,Kensington 64068F MicroSaver Keyed Laptop Lock for Business,Computers,quality_persona,3,9,"Crafted for users who value robust construction, this laptop lock pairs a patented locking mechanism with a cable that is 40% stronger thanks to Kevlar fiber. It protects a wide range of compatible devices and is built for consistent performance in demanding business environments. Lifetime technical support and an 8-year warranty add to its long-term value.",,,$10.86 ,0,0,1,0,0,0,0,0,0,0
B00000K4KH,Kensington 64068F MicroSaver Keyed Laptop Lock for Business,Computers,neutral_tone,1,9,"The Kensington MicroSaver Keyed Laptop Lock helps secure laptops, monitors, and other devices with a standard Kensington security slot. Its patented T-bar lock attaches securely, while the steel cable reinforced with Kevlar fiber provides strong protection. The lock includes an 8-year warranty and lifetime technical support.",,,$10.86 ,0,0,1,0,0,0,0,0,0,0
B00000K4KH,Kensington 64068F MicroSaver Keyed Laptop Lock for Business,Computers,neutral_tone,2,9,This keyed security lock is designed to protect compatible devices from theft using Kensington’s patented T-bar locking technology. The durable steel cable is strengthened with Kevlar fiber for added resistance. It works with many laptops and monitors that feature a Kensington security slot.,,,$10.86 ,0,0,1,0,0,0,0,0,0,0
B00000K4KH,Kensington 64068F MicroSaver Keyed Laptop Lock for Business,Computers,neutral_tone,3,9,"Protect your computer with a reliable keyed lock that fits devices equipped with a Kensington security slot. The reinforced steel cable offers 40% greater strength with Kevlar fiber, and the patented T-bar mechanism provides a secure attachment. It is backed by an 8-year warranty and lifetime technical support.",,,$10.86 ,0,0,1,0,0,0,0,0,0,0
B00000K4KH,Kensington 64068F MicroSaver Keyed Laptop Lock for Business,Computers,neutral_tone_quality_persona,1,9,"Designed for professionals who value dependable security, this laptop lock uses Kensington’s patented T-bar mechanism to create a secure connection to standard Kensington security slots. The steel cable is reinforced with Kevlar fiber, delivering protection that is 40% stronger for enhanced durability. Compatible with laptops, monitors, and other devices with Kensington security slots, it is backed by an 8-year warranty and lifetime technical support.",,,$10.86 ,0,0,1,0,0,0,0,0,0,0
B00000K4KH,Kensington 64068F MicroSaver Keyed Laptop Lock for Business,Computers,neutral_tone_quality_persona,2,9,"Built for long-term reliability, this keyed laptop lock combines a patented T-bar locking system with a steel cable strengthened by Kevlar fiber. It supports a wide range of devices equipped with the industry-standard Kensington security slot, including laptops and monitors. An 8-year warranty and lifetime technical support provide added assurance for business users.",,,$10.86 ,0,0,1,0,0,0,0,0,0,0
B00000K4KH,Kensington 64068F MicroSaver Keyed Laptop Lock for Business,Computers,neutral_tone_quality_persona,3,9,"This security lock offers robust physical protection with a patented T-bar design and a reinforced steel cable that is 40% stronger thanks to Kevlar fiber. It is compatible with most devices featuring a Kensington security slot, making it a versatile solution for workplace security. Kensington includes an industry-leading 8-year warranty and lifetime technical support.",,,$10.86 ,0,0,1,0,0,0,0,0,0,0
1394860919,Mini Display Port to VGA Cable Adapter for Monitor/Projector to Macbook Air/Pro,Computers,human,0,9,Mini Display Port to VGA Cable Adapter for Monitor/Projector to Macbook Air/Pro,,,$3.92 ,0,0,0,1,0,0,0,0,0,0
1394860919,Mini Display Port to VGA Cable Adapter for Monitor/Projector to Macbook Air/Pro,Computers,default,1,9,"Enjoy a simple way to connect your Mini DisplayPort-enabled MacBook to a VGA display. This adapter supports up to 1920 × 1200 resolution, making it suitable for work, school, and home use. Its compact size makes it easy to slip into a laptop bag, while the elegant white design offers a neat, modern appearance.",,,$3.92 ,0,0,0,1,0,0,0,0,0,0
1394860919,Mini Display Port to VGA Cable Adapter for Monitor/Projector to Macbook Air/Pro,Computers,default,2,9,"This Mini DisplayPort to VGA cable adapter makes it easy to connect compatible Apple laptops to monitors, LCDs, and projectors with a VGA input. It supports full HD 1080p resolution and delivers reliable performance in a small, travel-friendly design. The built-in chip helps provide a stable connection for everyday use. Its clean white finish matches your Apple devices nicely.",,,$3.92 ,0,0,0,1,0,0,0,0,0,0
1394860919,Mini Display Port to VGA Cable Adapter for Monitor/Projector to Macbook Air/Pro,Computers,default,3,9,"Connect your MacBook, MacBook Pro, or MacBook Air to a VGA monitor or projector with this compact Mini DisplayPort to VGA adapter. It supports resolutions up to 1920 × 1200 and 1080p for clear and sharp video. The lightweight white design is easy to carry and ideal for presentations or extra screen space. Just make sure your device uses Mini DisplayPort, not Mini-DVI.",,,$3.92 ,0,0,0,1,0,0,0,0,0,0
1394860919,Mini Display Port to VGA Cable Adapter for Monitor/Projector to Macbook Air/Pro,Computers,quality_persona,1,9,"Built to deliver reliable video output, this adapter converts Mini DisplayPort to VGA for use with monitors, projectors, and LCD displays. Support for DisplayPort 1.1a and resolutions up to 1920 × 1200 ensures dependable compatibility and image clarity. The integrated chip and robust design help maintain consistent performance over time. Its small size makes it a durable and convenient accessory for work or travel.",,,$3.92 ,0,0,0,1,0,0,0,0,0,0
1394860919,Mini Display Port to VGA Cable Adapter for Monitor/Projector to Macbook Air/Pro,Computers,quality_persona,2,9,"This Mini DisplayPort to VGA cable adapter is a practical choice for users who value consistent performance and reliable build quality. It connects compatible MacBooks to monitors and projectors with support for up to 1080p resolution. Full DisplayPort link training helps ensure smooth signal transmission, while the durable housing protects the internal components. Compact and elegant, it is easy to carry without compromising on quality.",,,$3.92 ,0,0,0,1,0,0,0,0,0,0
1394860919,Mini Display Port to VGA Cable Adapter for Monitor/Projector to Macbook Air/Pro,Computers,quality_persona,3,9,"Engineered for dependable performance, this Mini DisplayPort to VGA adapter offers a secure connection between your MacBook and VGA displays. It supports up to 1920 × 1200 resolution, delivering sharp visuals for presentations and everyday work. The built-in VGA-side chip and sturdy construction are designed for stable, long-lasting use. Its compact white finish combines durability with a clean, professional look.",,,$3.92 ,0,0,0,1,0,0,0,0,0,0
1394860919,Mini Display Port to VGA Cable Adapter for Monitor/Projector to Macbook Air/Pro,Computers,neutral_tone,1,9,"This adapter provides a simple solution for connecting a Mini DisplayPort-enabled MacBook to a VGA monitor or projector. It supports data transfer rates of 1.62 and 2.7Gbps over four lanes and delivers video resolutions up to 1920 × 1200. The integrated chip on the VGA side helps maintain a consistent connection. Its compact size makes it practical for use at home, work, or on the go.",,,$3.92 ,0,0,0,1,0,0,0,0,0,0
1394860919,Mini Display Port to VGA Cable Adapter for Monitor/Projector to Macbook Air/Pro,Computers,neutral_tone,2,9,"Connect your Apple laptop to VGA-equipped displays with this Mini DisplayPort to VGA cable adapter. It is DisplayPort 1.1a compliant and supports full link training for stable performance. With support for up to 1080p and 1920 × 1200 resolution, it is suitable for presentations, extended desktops, and video playback. Its small white housing is lightweight and easy to store.",,,$3.92 ,0,0,0,1,0,0,0,0,0,0
1394860919,Mini Display Port to VGA Cable Adapter for Monitor/Projector to Macbook Air/Pro,Computers,neutral_tone,3,9,"This Mini DisplayPort to VGA adapter lets you connect your MacBook, MacBook Pro, or MacBook Air to a monitor, projector, or LCD screen with a VGA connection. It supports resolutions up to 1920 × 1200 and 1080p for clear video output. The compact white design is easy to carry and convenient for travel or presentations. Be sure your device has a Mini DisplayPort, as it is not compatible with Mini-DVI.",,,$3.92 ,0,0,0,1,0,0,0,0,0,0
1394860919,Mini Display Port to VGA Cable Adapter for Monitor/Projector to Macbook Air/Pro,Computers,neutral_tone_quality_persona,1,9,"Built to support long-term use, this Mini DisplayPort to VGA adapter combines DisplayPort 1.1a compliance with dependable VGA output. It enables MacBook Air, MacBook Pro, and MacBook users to connect to VGA displays with support for up to 1080p resolution. The compact construction and integrated signal chip are designed to maintain consistent performance in both office and home environments. Its streamlined white finish adds a professional appearance.",,,$3.92 ,0,0,0,1,0,0,0,0,0,0
1394860919,Mini Display Port to VGA Cable Adapter for Monitor/Projector to Macbook Air/Pro,Computers,neutral_tone_quality_persona,2,9,"This Mini DisplayPort to VGA cable adapter provides a reliable way to connect compatible Apple laptops to VGA displays. Supporting full DisplayPort link training and resolutions up to 1920 × 1200, it delivers consistent image quality for monitors, projectors, and LCD screens. The built-in VGA-side chip is engineered for stable transmission, while the sturdy plastic cover protects internal components. Please verify your device has Mini DisplayPort rather than Mini-DVI before ordering.",,,$3.92 ,0,0,0,1,0,0,0,0,0,0
1394860919,Mini Display Port to VGA Cable Adapter for Monitor/Projector to Macbook Air/Pro,Computers,neutral_tone_quality_persona,3,9,"Designed for dependable video connectivity, this Mini DisplayPort to VGA adapter supports DisplayPort 1.1a and data rates of 1.62 and 2.7Gbps across four lanes. It connects a MacBook, MacBook Pro, or MacBook Air to VGA-equipped monitors and projectors at resolutions up to 1920 × 1200 and 1080p. The integrated chip on the VGA side and full DisplayPort link training help ensure stable signal performance. Its compact white housing offers a clean, durable design for everyday use.",,,$3.92 ,0,0,0,1,0,0,0,0,0,0
B0002HA7FY,Belkin Wireless 802.11g USB Network Adapter,Computers,human,0,10,"The Wireless G USB Network Adapter easily connects your USB-equipped desktop or notebook computer to your wireless network for Internet and file sharing. Desktop users can now join the network with the ease of a USB plug-in, without opening their PC cases; laptop users can enjoy the benefits of staying mobile-while connected to the Internet. The Wireless G USB Network Adapter easily connects your USB-equipped desktop or notebook computer to your wireless network for Internet and file sharing. Desktop users can now join the network with the ease of a USB plug-in, without opening their PC cases; laptop users can enjoy the benefits of staying mobile-while connected to the Internet. <b>Features",,,$7.45 ,0,0,0,0,1,0,0,0,0,0
B0002HA7FY,Belkin Wireless 802.11g USB Network Adapter,Computers,default,1,10,Add wireless capability to your computer with this compact USB network adapter. It works with both desktops and notebooks and installs with a simple plug-in connection. Enjoy the convenience of Internet access and file sharing wherever your wireless network reaches.,,,$7.45 ,0,0,0,0,1,0,0,0,0,0
B0002HA7FY,Belkin Wireless 802.11g USB Network Adapter,Computers,default,2,10,"The Belkin Wireless 802.11g USB Network Adapter makes wireless networking simple. Desktop users can get connected without opening their PC case, while laptop users can stay mobile and online. It's an easy solution for browsing the web and sharing files.",,,$7.45 ,0,0,0,0,1,0,0,0,0,0
B0002HA7FY,Belkin Wireless 802.11g USB Network Adapter,Computers,default,3,10,Connect your desktop or notebook computer to your wireless network in seconds with this easy-to-use USB adapter. Just plug it into a USB port to access the Internet and share files without any complicated setup. It's a convenient way to enjoy wireless freedom at home or in the office.,,,$7.45 ,0,0,0,0,1,0,0,0,0,0
B0002HA7FY,Belkin Wireless 802.11g USB Network Adapter,Computers,quality_persona,1,10,"This wireless USB adapter is a dependable option for adding network access to your computer. Designed for both desktop and notebook users, it connects quickly and supports Internet and file sharing. Its sturdy, easy-to-use design offers the kind of lasting value quality-conscious buyers appreciate.",,,$7.45 ,0,0,0,0,1,0,0,0,0,0
B0002HA7FY,Belkin Wireless 802.11g USB Network Adapter,Computers,quality_persona,2,10,"Enjoy a well-made wireless solution that combines convenience with consistent performance. This USB adapter connects easily to desktops and notebooks, with no need to open your computer. Its practical design and trusted Belkin quality make it a smart choice for long-lasting everyday use.",,,$7.45 ,0,0,0,0,1,0,0,0,0,0
B0002HA7FY,Belkin Wireless 802.11g USB Network Adapter,Computers,quality_persona,3,10,"Built for users who value dependable performance, this Belkin USB adapter offers a durable way to connect your desktop or notebook to a wireless network. The external USB design avoids complicated installation and makes setup quick and hassle-free. Whether you're sharing files or browsing online, it delivers reliable connectivity while allowing laptop users to stay mobile.",,,$7.45 ,0,0,0,0,1,0,0,0,0,0
B0002HA7FY,Belkin Wireless 802.11g USB Network Adapter,Computers,neutral_tone,1,10,"Add wireless networking to your desktop or notebook computer with this 802.11g USB adapter. The USB connection allows for quick setup, and desktop users do not need to open their PC cases. Once connected, you can browse the Internet and share files over your wireless network with ease.",,,$7.45 ,0,0,0,0,1,0,0,0,0,0
B0002HA7FY,Belkin Wireless 802.11g USB Network Adapter,Computers,neutral_tone,2,10,"The Belkin Wireless 802.11g USB Network Adapter makes it easy to connect any USB-equipped computer to a wireless network. Simply plug it into a USB port to access the Internet and share files. It is suitable for both desktops and notebooks, providing wireless flexibility without complicated installation.",,,$7.45 ,0,0,0,0,1,0,0,0,0,0
B0002HA7FY,Belkin Wireless 802.11g USB Network Adapter,Computers,neutral_tone,3,10,"This USB network adapter connects your desktop or notebook computer to an 802.11g wireless network for Internet access and file sharing. Desktop users can install it by plugging it into a USB port, with no need to open the computer case. Laptop users can stay connected while moving around the home or office. It offers a simple and convenient way to add wireless capability to your computer.",,,$7.45 ,0,0,0,0,1,0,0,0,0,0
B0002HA7FY,Belkin Wireless 802.11g USB Network Adapter,Computers,neutral_tone_quality_persona,1,10,"The Belkin Wireless 802.11g USB Network Adapter enables desktop and notebook computers to join a wireless network using an available USB port. Desktop users can install it without opening their PC case, while notebook users benefit from portable connectivity. Its well-engineered USB interface offers a durable and convenient solution for dependable wireless networking and file sharing.",,,$7.45 ,0,0,0,0,1,0,0,0,0,0
B0002HA7FY,Belkin Wireless 802.11g USB Network Adapter,Computers,neutral_tone_quality_persona,2,10,"This 802.11g USB network adapter provides a simple way to add wireless access to desktop and notebook computers. It connects through a standard USB port, eliminating the need for internal installation. Built for consistent operation, it supports Internet access and file sharing while allowing laptop users to remain connected on the move. The compact external design also makes it easy to transfer between devices.",,,$7.45 ,0,0,0,0,1,0,0,0,0,0
B0002HA7FY,Belkin Wireless 802.11g USB Network Adapter,Computers,neutral_tone_quality_persona,3,10,"Designed for dependable wireless connectivity, this USB adapter connects any USB-equipped desktop or notebook computer to an 802.11g wireless network for Internet and file sharing. The plug-and-play USB design allows desktop users to connect without opening the computer case. Its straightforward setup and Belkin engineering make it a practical choice for users who value reliable, long-term performance. Laptop users can stay mobile while maintaining a stable network connection.",,,$7.45 ,0,0,0,0,1,0,0,0,0,0
B00006BAVN,Jabra GN2110 Mono Corded Headset,Computers,human,0,9,"Opt for the sleek styling of a voice tube headset without sacrificing sound quality. The GN Netcom 2110 SoundTube headset uses advanced technology to ensure crisp, clear voice transmission. This over-the-head, single-ear style headset features a single-piece coated alloy voice tube for crisp, clear, quality sound. It's replaceable rubber filter is easy to clean and far less expensive to replace than the entire tube assembly. The swing-away boom allows the mic to be moved out of the way for beverage breaks. This headset's sleek styling makes it particularly unobtrusive. A click-stop headband provides a customized fit. The pillow-soft ear cushion rests gently over the ear. A generous headpad comfortably secures the other end. And the whole headset is so lightweight that it's barely noticeable, even after hours on the phone. Use with GN Netcom corded or cordless amplifiers. Use with GN Netcom corded or cordless amplifiers.",,,,0,0,0,0,0,1,0,0,0,0
B00006BAVN,Jabra GN2110 Mono Corded Headset,Computers,default,1,9,"Built for everyday communication needs, this headset offers a comfortable fit with a click-stop headband and soft ear cushion. The noise-canceling microphone improves clarity in busy environments. HD Voice enhances audio quality for clearer conversations. Its lightweight structure makes it easy to wear throughout the day.",,,,0,0,0,0,0,1,0,0,0,0
B00006BAVN,Jabra GN2110 Mono Corded Headset,Computers,default,2,9,"This headset includes useful safety and comfort features such as Peak Stop technology, which protects your hearing from sudden loud sounds. The swing-away microphone lets you adjust positioning easily. Its single-ear, over-the-head design is simple and suitable for office or home use. It connects via cord for stable and consistent performance.",,,,0,0,0,0,0,1,0,0,0,0
B00006BAVN,Jabra GN2110 Mono Corded Headset,Computers,default,3,9,The Jabra GN2110 Mono Corded Headset is a practical headset designed for clear and comfortable communication. It has a noise-canceling microphone that helps reduce background noise during calls. HD Voice improves sound clarity for easier conversations. The lightweight design and soft ear cushion make it comfortable for everyday use.,,,,0,0,0,0,0,1,0,0,0,0
B00006BAVN,Jabra GN2110 Mono Corded Headset,Computers,quality_persona,1,9,"Featuring SoundTube technology, this mono headset provides stable and clear audio performance for everyday business communication. It works with GN Netcom amplifiers for dependable connectivity and consistent call quality. The ergonomic design and pillow-soft ear cushion enhance comfort during long sessions. A 2-year manufacturer warranty adds confidence in its long-lasting construction.",,,,0,0,0,0,0,1,0,0,0,0
B00006BAVN,Jabra GN2110 Mono Corded Headset,Computers,quality_persona,2,9,"This headset emphasizes safety and durability with Peak Stop technology that protects against sudden loud sounds. The swing-away microphone boom allows flexible positioning for consistent voice pickup. A sturdy click-stop headband ensures a secure fit over time, even with frequent adjustments. Its build quality supports long-term use in demanding office settings.",,,,0,0,0,0,0,1,0,0,0,0
B00006BAVN,Jabra GN2110 Mono Corded Headset,Computers,quality_persona,3,9,"The Jabra GN2110 Mono Corded Headset is built for reliable daily communication with strong attention to comfort and usability. Its noise-canceling microphone helps reduce background distractions, while HD Voice ensures clear and natural-sounding conversations. The lightweight over-the-head design with a soft ear cushion supports extended wear without discomfort. It is designed to deliver dependable performance in professional environments.",,,,0,0,0,0,0,1,0,0,0,0
B00006BAVN,Jabra GN2110 Mono Corded Headset,Computers,neutral_tone,1,9,"Designed for ease of use, this mono headset offers a single-ear fit with a click-stop headband for adjustment. The noise-canceling microphone improves call clarity in shared or noisy spaces. HD Voice enhances sound quality for more natural conversations. Its lightweight build and soft cushioning make it suitable for regular daily communication.",,,,0,0,0,0,0,1,0,0,0,0
B00006BAVN,Jabra GN2110 Mono Corded Headset,Computers,neutral_tone,2,9,"This headset features Peak Stop technology, which helps protect hearing by limiting sudden loud audio spikes. The swing-away microphone allows flexible positioning during calls. It connects via a cord and is compatible with GN Netcom amplifiers for stable use. The design focuses on comfort and practicality for office or home communication needs.",,,,0,0,0,0,0,1,0,0,0,0
B00006BAVN,Jabra GN2110 Mono Corded Headset,Computers,neutral_tone,3,9,"The Jabra GN2110 Mono Corded Headset is a simple, professional headset designed for clear everyday communication. It includes a noise-canceling microphone that reduces background sounds in busy environments. HD Voice provides clearer audio for calls, making conversations easier to understand. Its lightweight over-the-head design with a soft ear cushion supports comfortable daily use.",,,,0,0,0,0,0,1,0,0,0,0
B00006BAVN,Jabra GN2110 Mono Corded Headset,Computers,neutral_tone_quality_persona,1,9,"Engineered with SoundTube technology, this mono headset delivers consistent audio clarity for business communication tasks. The noise-canceling microphone minimizes ambient distractions, while HD Voice ensures accurate speech transmission. Its lightweight frame and ergonomic fit reduce strain during extended use sessions. The 2-year manufacturer warranty reinforces its positioning as a durable, long-term professional communication device.",,,,0,0,0,0,0,1,0,0,0,0
B00006BAVN,Jabra GN2110 Mono Corded Headset,Computers,neutral_tone_quality_persona,2,9,"This headset offers a swing-away microphone boom and click-stop headband for precise positioning and long-lasting mechanical reliability. Peak Stop technology limits exposure to sudden loud sounds, helping maintain safe listening levels. Built for professional use with GN Netcom amplifiers, it provides stable corded connectivity and dependable daily operation. The design prioritizes structural integrity and user comfort for continuous office use.",,,,0,0,0,0,0,1,0,0,0,0
B00006BAVN,Jabra GN2110 Mono Corded Headset,Computers,neutral_tone_quality_persona,3,9,"The Jabra GN2110 Mono Corded Headset is a professional over-the-head, single-ear headset designed for long-term durability and consistent audio performance. It features a noise-canceling microphone that reduces background noise, making it suitable for open office environments. HD Voice technology delivers clear, high-definition conversations for improved intelligibility. The lightweight construction and pillow-soft ear cushion support extended wear comfort.",,,,0,0,0,0,0,1,0,0,0,0
B00005LLY4,Western Digital WD800BB 80GB UDMA/100 7200RPM 2MB IDE Hard Drive,Computers,human,0,9,"This Western Digital WD800BB 80GB hard drive is a performance champion for advanced desktop personal computers. This WD800BBhard drivefeatures80 GB capacity which is ideal for storing Internet downloads, music and video files. The WD800BB WD Caviar drive offers an Ultra ATA/100 interface, 7200 RPM spindle speed and up to 100 MB/s data transfer rates, all of which add up to a fast data delivery system. Speed, performance, and reliability are the key features of this Western Digital WD800BB WD Caviar 80 GB hard drive. Order today! WD Caviar High-Performance 7200 hard drives are the performance champions for advanced desktop personal computers. <UL> <LI>Rotational Speed: 7200 RPM <LI>Interface: Ultra ATA/100 <LI>Average Read Seek Time: 8.9 ms <LI>Buffer Size: 2 MB <LI>Data Lifeguard: WD's exclusive hardware, software and services designed to protect your data. </UL>",,,$1.54 ,0,0,0,0,0,0,1,0,0,0
B00005LLY4,Western Digital WD800BB 80GB UDMA/100 7200RPM 2MB IDE Hard Drive,Computers,default,1,9,"This hard drive is designed for older systems needing additional or replacement storage. It provides 80 GB capacity, IDE connectivity, and a 3.5-inch form factor. With 7200 RPM speed, it delivers adequate performance for routine computing. It is best suited for basic storage needs in compatible desktops.",,,$1.54 ,0,0,0,0,0,0,1,0,0,0
B00005LLY4,Western Digital WD800BB 80GB UDMA/100 7200RPM 2MB IDE Hard Drive,Computers,default,2,9,"The WD800BB offers 80 GB of capacity and connects via IDE, making it suitable for legacy PC setups. Its 7200 RPM speed supports standard performance for everyday tasks. A 2 MB buffer assists with basic data processing. It fits standard desktop configurations without requiring modern interfaces.",,,$1.54 ,0,0,0,0,0,0,1,0,0,0
B00005LLY4,Western Digital WD800BB 80GB UDMA/100 7200RPM 2MB IDE Hard Drive,Computers,default,3,9,This 80GB Western Digital IDE hard drive provides basic storage for older desktop computers. It operates at 7200 RPM and uses a standard 40-pin EIDE interface for compatibility. The 3.5-inch form factor makes it suitable for typical internal drive bays. It is intended for general file storage and basic system use.,,,$1.54 ,0,0,0,0,0,0,1,0,0,0
B00005LLY4,Western Digital WD800BB 80GB UDMA/100 7200RPM 2MB IDE Hard Drive,Computers,quality_persona,1,9,"The WD800BB prioritizes solid construction and consistent performance for users maintaining legacy desktop environments. With UDMA/100 support and a 40-pin EIDE interface, it integrates easily into compatible systems. The 2 MB cache assists in maintaining smooth data handling, while 7200 RPM rotation supports reliable access speeds. It is designed for steady functionality over extended use.",,,$1.54 ,0,0,0,0,0,0,1,0,0,0
B00005LLY4,Western Digital WD800BB 80GB UDMA/100 7200RPM 2MB IDE Hard Drive,Computers,quality_persona,2,9,"Built for dependable use in older systems, this drive combines a 7200 RPM spindle speed with established IDE connectivity. The 80 GB capacity is suitable for essential storage needs while maintaining stable operation. Average seek and latency characteristics support predictable access behavior for routine workloads. Standard power requirements contribute to straightforward and reliable system integration.",,,$1.54 ,0,0,0,0,0,0,1,0,0,0
B00005LLY4,Western Digital WD800BB 80GB UDMA/100 7200RPM 2MB IDE Hard Drive,Computers,quality_persona,3,9,"This Western Digital WD800BB hard drive offers 80 GB of storage with a focus on consistent mechanical performance in legacy environments. Running at 7200 RPM, it delivers steady responsiveness for IDE-based systems. Its 2 MB buffer and UDMA/100 interface support reliable data flow during everyday computing tasks. The 3.5-inch design ensures compatibility with standard desktop configurations.",,,$1.54 ,0,0,0,0,0,0,1,0,0,0
B00005LLY4,Western Digital WD800BB 80GB UDMA/100 7200RPM 2MB IDE Hard Drive,Computers,neutral_tone,1,9,"Designed for IDE-based systems, this hard drive delivers 80 GB capacity with straightforward installation in standard 3.5-inch bays. It supports UDMA/100 for data transfer and uses a familiar 40-pin interface. The 2 MB cache and 7200 RPM speed provide balanced performance for basic storage needs. It is suitable for upgrading or replacing drives in older computers.",,,$1.54 ,0,0,0,0,0,0,1,0,0,0
B00005LLY4,Western Digital WD800BB 80GB UDMA/100 7200RPM 2MB IDE Hard Drive,Computers,neutral_tone,2,9,"The WD800BB provides 80 GB of storage capacity suitable for documents, applications, and general files on legacy PCs. Its 7200 RPM spindle speed ensures reasonable performance for older operating systems. Standard power requirements make installation straightforward in compatible desktops. Average seek times support typical everyday usage without advanced performance features.",,,$1.54 ,0,0,0,0,0,0,1,0,0,0
B00005LLY4,Western Digital WD800BB 80GB UDMA/100 7200RPM 2MB IDE Hard Drive,Computers,neutral_tone,3,9,This 80GB Western Digital IDE hard drive offers standard desktop storage with a 7200 RPM speed for everyday computing tasks. It connects via a 40-pin EIDE interface and supports UDMA/100 data transfer for compatibility with older systems. The 3.5-inch form factor fits typical desktop drive bays. A 2 MB buffer helps manage basic data operations efficiently.,,,$1.54 ,0,0,0,0,0,0,1,0,0,0
B00005LLY4,Western Digital WD800BB 80GB UDMA/100 7200RPM 2MB IDE Hard Drive,Computers,neutral_tone_quality_persona,1,9,"Engineered for compatibility and consistency, this drive operates via a standard IDE interface and delivers reliable sustained performance for older desktop systems. The 7200 RPM speed supports steady data access, while the 4.2 ms average latency contributes to predictable operation. With 80 GB capacity and modest power demands, it balances storage needs with mechanical simplicity for general computing tasks.",,,$1.54 ,0,0,0,0,0,0,1,0,0,0
B00005LLY4,Western Digital WD800BB 80GB UDMA/100 7200RPM 2MB IDE Hard Drive,Computers,neutral_tone_quality_persona,2,9,"The WD800BB provides 80 GB of formatted storage with emphasis on steady mechanical operation in legacy systems. Its 7200 RPM rotation and 8.9 ms average read seek time enable responsive file access within IDE environments. The 2 MB buffer helps smooth data transfers under UDMA/100. Built in a standard 3.5-inch chassis, it is suited for consistent, conventional desktop storage use.",,,$1.54 ,0,0,0,0,0,0,1,0,0,0
B00005LLY4,Western Digital WD800BB 80GB UDMA/100 7200RPM 2MB IDE Hard Drive,Computers,neutral_tone_quality_persona,3,9,"This Western Digital 80GB IDE hard drive is designed for stable long-term operation, featuring a 7200 RPM spindle speed and 2 MB cache for consistent data handling. It supports UDMA/100 transfer rates and uses a standard 40-pin EIDE interface for broad legacy compatibility. The 3.5-inch form factor and defined power requirements support dependable desktop integration. Its latency and seek specifications provide predictable performance for routine storage workloads.",,,$1.54 ,0,0,0,0,0,0,1,0,0,0
9966541551,"Professional Ultra SanDisk MicroSDXC 16GB (16 Gigabyte) Card for Samsung Galaxy S4 Smartphone is custom formatted and rated for high speed, lossless recording!. (XD UHS-I Class 10 Certified 30MB/sec+)",Computers,human,0,9,"Professional Ultra SanDisk MicroSDXC 16GB (16 Gigabyte) Card for Samsung Galaxy S4 Smartphone is custom formatted and rated for high speed, lossless recording!. (XD UHS-I Class 10 Certified 30MB/sec+)",,,$9.50 ,0,0,0,0,0,0,0,1,0,0
9966541551,"Professional Ultra SanDisk MicroSDXC 16GB (16 Gigabyte) Card for Samsung Galaxy S4 Smartphone is custom formatted and rated for high speed, lossless recording!. (XD UHS-I Class 10 Certified 30MB/sec+)",Computers,default,1,9,This MicroSDXC 16GB card from SanDisk is a practical storage solution for mobile devices. It provides Class 10 UHS-I speed for consistent performance when capturing or transferring media. Its durable design helps protect against water and extreme temperatures. It is suitable for everyday digital use.,,,$9.50 ,0,0,0,0,0,0,0,1,0,0
9966541551,"Professional Ultra SanDisk MicroSDXC 16GB (16 Gigabyte) Card for Samsung Galaxy S4 Smartphone is custom formatted and rated for high speed, lossless recording!. (XD UHS-I Class 10 Certified 30MB/sec+)",Computers,default,2,9,"SanDisk’s Professional Ultra 16GB MicroSDXC card offers dependable performance for photos, videos, and apps. It delivers quick transfer speeds above 30MB/sec to keep things running smoothly. It is resistant to water, X-rays, and physical shock. The card is designed for easy use in smartphones and cameras.",,,$9.50 ,0,0,0,0,0,0,0,1,0,0
9966541551,"Professional Ultra SanDisk MicroSDXC 16GB (16 Gigabyte) Card for Samsung Galaxy S4 Smartphone is custom formatted and rated for high speed, lossless recording!. (XD UHS-I Class 10 Certified 30MB/sec+)",Computers,default,3,9,"This 16GB SanDisk MicroSDXC card provides reliable storage for everyday smartphone and camera use. It supports fast Class 10 and UHS-I speeds for smooth video recording and file transfers. The card is built to handle water, shock, and temperature extremes for added durability. It works well with many modern mobile devices.",,,$9.50 ,0,0,0,0,0,0,0,1,0,0
9966541551,"Professional Ultra SanDisk MicroSDXC 16GB (16 Gigabyte) Card for Samsung Galaxy S4 Smartphone is custom formatted and rated for high speed, lossless recording!. (XD UHS-I Class 10 Certified 30MB/sec+)",Computers,quality_persona,1,9,"This high-performance 16GB SanDisk MicroSDXC card is engineered for stable and reliable storage in demanding use cases. It features Class 10 certification and UHS-I speed support for smooth HD video recording. Its protective design resists water, X-rays, and extreme temperature variations. Low power consumption enhances efficiency in smartphones and cameras.",,,$9.50 ,0,0,0,0,0,0,0,1,0,0
9966541551,"Professional Ultra SanDisk MicroSDXC 16GB (16 Gigabyte) Card for Samsung Galaxy S4 Smartphone is custom formatted and rated for high speed, lossless recording!. (XD UHS-I Class 10 Certified 30MB/sec+)",Computers,quality_persona,2,9,"Designed for durability and speed, this SanDisk MicroSDXC 16GB card supports high-quality media capture with UHS-I Class 1 performance. It offers transfer speeds above 30MB/sec for efficient data movement and reliable operation. The card withstands harsh conditions including moisture, temperature extremes, and heavy shock. It provides long-lasting reliability for modern devices.",,,$9.50 ,0,0,0,0,0,0,0,1,0,0
9966541551,"Professional Ultra SanDisk MicroSDXC 16GB (16 Gigabyte) Card for Samsung Galaxy S4 Smartphone is custom formatted and rated for high speed, lossless recording!. (XD UHS-I Class 10 Certified 30MB/sec+)",Computers,quality_persona,3,9,"This Professional Ultra SanDisk MicroSDXC 16GB card is built for users who need dependable, high-performance storage. It delivers fast Class 10 and UHS-I speeds for smooth recording and file handling without interruptions. Its rugged design protects against water, shocks up to 500Gs, X-rays, and extreme temperatures. It is engineered to maintain consistent performance in demanding environments.",,,$9.50 ,0,0,0,0,0,0,0,1,0,0
9966541551,"Professional Ultra SanDisk MicroSDXC 16GB (16 Gigabyte) Card for Samsung Galaxy S4 Smartphone is custom formatted and rated for high speed, lossless recording!. (XD UHS-I Class 10 Certified 30MB/sec+)",Computers,neutral_tone,1,9,"This SanDisk 16GB MicroSDXC card is rated Class 10 UHS-I for steady high-speed data handling. It enables quick access and storage of media content with speeds over 30MB/sec. Built-in durability features protect against water, X-ray exposure, and physical shock. It is designed for use in a variety of smartphones and digital devices.",,,$9.50 ,0,0,0,0,0,0,0,1,0,0
9966541551,"Professional Ultra SanDisk MicroSDXC 16GB (16 Gigabyte) Card for Samsung Galaxy S4 Smartphone is custom formatted and rated for high speed, lossless recording!. (XD UHS-I Class 10 Certified 30MB/sec+)",Computers,neutral_tone,2,9,"Offering 16GB of storage, this MicroSDXC card delivers reliable performance with UHS-I Class 10 speed ratings. It allows users to capture and share photos and videos efficiently thanks to its fast transfer capabilities. The card is resistant to water, shock, and temperature extremes for added protection. It also uses low power, making it suitable for mobile devices.",,,$9.50 ,0,0,0,0,0,0,0,1,0,0
9966541551,"Professional Ultra SanDisk MicroSDXC 16GB (16 Gigabyte) Card for Samsung Galaxy S4 Smartphone is custom formatted and rated for high speed, lossless recording!. (XD UHS-I Class 10 Certified 30MB/sec+)",Computers,neutral_tone,3,9,"This SanDisk MicroSDXC 16GB card provides fast Class 10 and UHS-I performance for everyday storage needs. It supports smooth video recording and quick file transfers with speeds above 30MB/sec. The card is designed to be durable, offering protection against water, shock, X-rays, and extreme temperatures. It is compatible with smartphones, cameras, and other HD media devices.",,,$9.50 ,0,0,0,0,0,0,0,1,0,0
9966541551,"Professional Ultra SanDisk MicroSDXC 16GB (16 Gigabyte) Card for Samsung Galaxy S4 Smartphone is custom formatted and rated for high speed, lossless recording!. (XD UHS-I Class 10 Certified 30MB/sec+)",Computers,neutral_tone_quality_persona,1,9,"Engineered for consistent reliability, this 16GB SanDisk MicroSDXC card supports UHS Speed Class 1 performance for stable media capture. It offers high-speed data transfer at over 30MB/sec, supporting seamless use in smartphones and HD devices. The card is built to endure water exposure, strong shocks, airport X-rays, and wide temperature ranges. Its design focuses on durability and sustained efficiency for professional-grade usage.",,,$9.50 ,0,0,0,0,0,0,0,1,0,0
9966541551,"Professional Ultra SanDisk MicroSDXC 16GB (16 Gigabyte) Card for Samsung Galaxy S4 Smartphone is custom formatted and rated for high speed, lossless recording!. (XD UHS-I Class 10 Certified 30MB/sec+)",Computers,neutral_tone_quality_persona,2,9,"Built for demanding usage, the Professional Ultra SanDisk MicroSDXC 16GB card ensures dependable high-performance storage with Class 10 and UHS-I certification. It enables smooth high-resolution video recording with fast read/write speeds exceeding 30MB/sec. Rugged construction provides resistance to water, shock, X-rays, and temperature extremes, making it suitable for challenging environments. Low power consumption helps maintain efficiency in high-performance mobile devices.",,,$9.50 ,0,0,0,0,0,0,0,1,0,0
9966541551,"Professional Ultra SanDisk MicroSDXC 16GB (16 Gigabyte) Card for Samsung Galaxy S4 Smartphone is custom formatted and rated for high speed, lossless recording!. (XD UHS-I Class 10 Certified 30MB/sec+)",Computers,neutral_tone_quality_persona,3,9,"Designed for users prioritizing long-term reliability, this SanDisk MicroSDXC 16GB card delivers Class 10 and UHS-I U1 performance for consistent high-speed data handling. It supports up to 30MB/sec+ transfer speeds for stable video capture and media recording. The card is engineered to withstand harsh conditions, including water, shock up to 500Gs, X-ray exposure, and extreme temperatures from -25°C to 85°C. Its efficient power usage supports sustained performance in modern smartphones and cameras.",,,$9.50 ,0,0,0,0,0,0,0,1,0,0
9573212919,External USB DVD/CD,Computers,human,0,10,"100% brand new High-quality products USB 2.0 compliant Black external slim drive Emergency eject hole Fully Plug &amp; Play, easy to install and use<br />USB Optical Drive with the durable plastic casing<br />Supports GHOST.XP.SE.ME.VISTA.WIN7 In the office or on the road, this highly portable, plug-and-play drive requires no software and is conveniently powered through your notebook's USB port. This Drive fits for PC Laptops Notebooks Desktop This drive can read CD-RW and DVD-ROMbut it only can burn CD-RW not DVD-RW<br /> Specifications:<br /> Supported formats: DVD-ROM, DVD-video, CD-R/RW, CD-ROM/XA, CD-ROM, CD-EXTRA, CD-TEXT Write speed :24x CD-R , 8x CD-RW Read speed: 24x CD-ROM, 8x DVD-ROM Memory Cache: 2M Dimension: 13.5 (L) x 13.2 (W) x 1.6 (H) cm Weight: 305g (without cable)",,,$14.86 ,0,0,0,0,0,0,0,0,1,0
9573212919,External USB DVD/CD,Computers,default,1,10,"This external disc drive is designed for basic use with laptops and desktops that lack internal CD/DVD hardware. It connects via USB and supports a variety of disc types for reading music, software, and data. The plug-and-play setup makes it easy to start using immediately. For reliable performance, it must be plugged directly into the system’s USB port.",,,$14.86 ,0,0,0,0,0,0,0,0,1,0
9573212919,External USB DVD/CD,Computers,default,2,10,"The USB optical drive allows users to play and access CD and DVD content through a straightforward external connection. It supports audio, data, and DVD-ROM discs with standard read speeds suitable for everyday tasks. No installation is required due to its plug-and-play design. A direct USB port connection is necessary to ensure the drive is recognized correctly.",,,$14.86 ,0,0,0,0,0,0,0,0,1,0
9573212919,External USB DVD/CD,Computers,default,3,10,"This external USB DVD/CD drive provides an easy way to read CDs and DVDs on laptops and desktops without built-in optical drives. It connects via USB 2.0/1.1 with plug-and-play convenience and supports common disc formats for everyday use. For proper operation, it should be connected directly to a computer USB port rather than a hub or extension. It offers simple access to media with minimal setup.",,,$14.86 ,0,0,0,0,0,0,0,0,1,0
9573212919,External USB DVD/CD,Computers,quality_persona,1,10,"This USB external DVD/CD drive offers long-term reliability for reading various optical media formats without internal installation. It supports plug-and-play operation and delivers up to 8x DVD-ROM and 24x CD-ROM speeds through a stable USB 2.0/1.1 interface. To preserve consistent functionality, it must be connected directly to a system USB port. This ensures dependable media access across laptops and desktops.",,,$14.86 ,0,0,0,0,0,0,0,0,1,0
9573212919,External USB DVD/CD,Computers,quality_persona,2,10,"Designed for consistent performance, this optical drive provides reliable access to CDs and DVDs through a straightforward USB connection. It handles multiple formats such as CD-ROM XA and CD-I while maintaining stable reading speeds for both audio and data discs. For durability in daily use, it should be connected directly to a computer’s USB port rather than through external hubs. Proper power and connection ensure accurate disc recognition.",,,$14.86 ,0,0,0,0,0,0,0,0,1,0
9573212919,External USB DVD/CD,Computers,quality_persona,3,10,"This external USB DVD/CD drive is built for dependable everyday use with stable plug-and-play connectivity via USB 2.0/1.1. It supports a wide range of disc formats including CD-DA, CD Extra, CD Text, and DVD-ROM reading up to 8x with CD speeds up to 24x. Direct connection to a laptop USB port or desktop motherboard port is required to ensure consistent performance. Avoid hubs or extension cords to maintain optimal reliability.",,,$14.86 ,0,0,0,0,0,0,0,0,1,0
9573212919,External USB DVD/CD,Computers,neutral_tone,1,10,"This USB external optical drive is designed for easy use with laptops and desktops, providing access to DVD and CD media without internal hardware. It supports reading speeds up to 8x for DVDs and 24x for CDs across multiple disc formats. A direct USB port connection is required for reliable operation, as hubs or extensions may cause recognition issues. It ensures convenient media access with minimal setup effort.",,,$14.86 ,0,0,0,0,0,0,0,0,1,0
9573212919,External USB DVD/CD,Computers,neutral_tone,2,10,"The device allows straightforward playback and reading of CDs and DVDs using a standard USB connection. It supports formats such as CD Text, CD Extra, and CD-ROM XA, ensuring compatibility with a wide range of discs. Installation is not required due to its plug-and-play design on USB 2.0/1.1 systems. Direct connection to the computer’s USB port is necessary for stable performance and proper disc detection.",,,$14.86 ,0,0,0,0,0,0,0,0,1,0
9573212919,External USB DVD/CD,Computers,neutral_tone,3,10,"This external USB DVD/CD drive offers simple plug-and-play use through a Hi-Speed USB 2.0/1.1 connection, making it easy to access discs without setup. It supports common formats like audio CDs, data CDs, and DVD-ROMs with speeds up to 8x for DVDs and 24x for CDs. For best results, it should be plugged directly into a laptop USB port or motherboard USB port on desktops. Avoid using hubs or extension cables to prevent recognition issues.",,,$14.86 ,0,0,0,0,0,0,0,0,1,0
9573212919,External USB DVD/CD,Computers,neutral_tone_quality_persona,1,10,"Engineered for dependable media access, this USB external DVD/CD drive supports up to 8x DVD-ROM and 24x CD-ROM reading speeds. Its plug-and-play USB 2.0/1.1 interface enables quick connectivity across compatible laptops and desktops. To maintain performance stability, it must be connected directly to a system USB port, as hubs or extension cords may reduce detection reliability. It supports multiple disc formats for versatile reading needs across audio and data media.",,,$14.86 ,0,0,0,0,0,0,0,0,1,0
9573212919,External USB DVD/CD,Computers,neutral_tone_quality_persona,2,10,"The external optical drive provides broad disc compatibility including CD-I, CD-DA, and CD-ROM XA formats with stable read performance. It operates via Hi-Speed USB 2.0/1.1 for plug-and-play convenience without additional drivers in typical setups. For optimal reliability, it should be connected directly to a computer’s USB port rather than through hubs or extensions. Proper power and direct connection help ensure consistent DVD and CD recognition during use.",,,$14.86 ,0,0,0,0,0,0,0,0,1,0
9573212919,External USB DVD/CD,Computers,neutral_tone_quality_persona,3,10,"This external USB DVD/CD drive delivers plug-and-play functionality through a Hi-Speed USB 2.0/1.1 interface for straightforward setup. It supports CD-DA audio, CD-ROM XA, CD Extra, CD Text, and DVD-ROM reading at 8x alongside 24x CD-ROM performance. Designed for reliable daily use, it requires a direct USB connection to a laptop port or a motherboard USB port on desktops for stable operation. Avoid USB hubs or extension cables to ensure consistent detection and media reading.",,,$14.86 ,0,0,0,0,0,0,0,0,1,0
B0000BZOGY,"Targus XL Rolling Case Designed for 17-Inch Notebooks, Black (TXL717)",Computers,human,0,10,"The new Targus XL Rolling laptop Case combines the features of the XL laptop Case with rolling capabilities for travel ease. With its 36"" telescoping handle, ""in-line skate"" wheels, air cushion protection system and ample storage space, this rolling laptop case is the easiest way to transport all of your mobile computing essentials. And the removable accessory pouches allow for maximum versatility!",,,,0,0,0,0,0,0,0,0,0,1
B0000BZOGY,"Targus XL Rolling Case Designed for 17-Inch Notebooks, Black (TXL717)",Computers,default,1,10,This case helps you transport a 17-inch laptop with less effort thanks to its rolling wheels and extendable handle. It is designed for convenience during travel and fits most airline carry-on limits. The handle provides a comfortable grip for carrying by hand when rolling is not possible. A limited lifetime warranty is included for added assurance.,,,,0,0,0,0,0,0,0,0,0,1
B0000BZOGY,"Targus XL Rolling Case Designed for 17-Inch Notebooks, Black (TXL717)",Computers,default,2,10,"A simple and practical travel case for larger laptops, this design supports up to 17-inch notebooks. The wheels and telescoping handle make it easy to move through airports or daily commutes. It also includes an ergonomic handle for comfortable carrying when needed. Its size is compatible with most carry-on requirements.",,,,0,0,0,0,0,0,0,0,0,1
B0000BZOGY,"Targus XL Rolling Case Designed for 17-Inch Notebooks, Black (TXL717)",Computers,default,3,10,This rolling laptop case is made to help you carry a 17-inch notebook more easily when traveling. It has wheels and a handle that extends so you can roll it instead of carrying weight on your shoulder. The handle is designed to feel comfortable in your hand. It also fits within most airline carry-on rules and includes a warranty for extra coverage.,,,,0,0,0,0,0,0,0,0,0,1
B0000BZOGY,"Targus XL Rolling Case Designed for 17-Inch Notebooks, Black (TXL717)",Computers,quality_persona,1,10,This mobile laptop case emphasizes strong usability and consistent travel performance for 17-inch notebooks. It features smooth-rolling in-line skate wheels and a telescoping handle for easy navigation. The ergonomic handle ensures comfort during manual carrying when needed. Its carry-on compliant design and lifetime warranty add to its long-term dependability.,,,,0,0,0,0,0,0,0,0,0,1
B0000BZOGY,"Targus XL Rolling Case Designed for 17-Inch Notebooks, Black (TXL717)",Computers,quality_persona,2,10,"Designed for users who value lasting performance, this case supports larger laptops up to 17 inches. The wheel system and adjustable handle are made for stable, repeated use in travel environments. A comfortable ergonomic grip helps reduce strain when carrying. Its airline-friendly sizing and limited lifetime warranty reinforce its durable design approach.",,,,0,0,0,0,0,0,0,0,0,1
B0000BZOGY,"Targus XL Rolling Case Designed for 17-Inch Notebooks, Black (TXL717)",Computers,quality_persona,3,10,"This rolling case is built to handle frequent travel with a focus on dependable structure and smooth mobility. It fits most 17-inch notebooks and uses in-line skate wheels with a 3-stage telescoping handle for controlled movement. The ergonomic handle improves comfort during transport, especially on longer trips. Its carry-on compatibility and warranty support long-term reliability.",,,,0,0,0,0,0,0,0,0,0,1
B0000BZOGY,"Targus XL Rolling Case Designed for 17-Inch Notebooks, Black (TXL717)",Computers,neutral_tone,1,10,"This notebook case is designed to simplify transporting larger laptops, especially up to 17 inches in size. It uses rolling wheels and an extendable handle to support easy movement. The ergonomic handle adds comfort when lifting, and the design aligns with most airline carry-on rules. A limited lifetime warranty provides additional peace of mind.",,,,0,0,0,0,0,0,0,0,0,1
B0000BZOGY,"Targus XL Rolling Case Designed for 17-Inch Notebooks, Black (TXL717)",Computers,neutral_tone,2,10,"A practical case designed for everyday travel, it fits most 17-inch laptops and helps reduce the strain of carrying heavier devices. The wheels and telescoping handle make it easy to roll through airports or offices. It also includes a comfortable grip for hand carrying when needed. Its carry-on compatible design makes it useful for frequent flyers.",,,,0,0,0,0,0,0,0,0,0,1
B0000BZOGY,"Targus XL Rolling Case Designed for 17-Inch Notebooks, Black (TXL717)",Computers,neutral_tone,3,10,"This rolling laptop case makes it easier to carry a 17-inch notebook while traveling or commuting. It includes wheels and an adjustable handle so you can move it smoothly instead of lifting it. The handle is shaped for comfort during use, and the size fits most airline carry-on requirements. It also comes with a limited lifetime warranty for added coverage.",,,,0,0,0,0,0,0,0,0,0,1
B0000BZOGY,"Targus XL Rolling Case Designed for 17-Inch Notebooks, Black (TXL717)",Computers,neutral_tone_quality_persona,1,10,"Designed with durability and transport stability in mind, this case accommodates most 17-inch notebooks while supporting frequent travel demands. The combination of in-line skate wheels and a multi-stage telescoping handle ensures controlled mobility. A comfortable ergonomic handle reduces strain during carrying, and its carry-on-friendly sizing improves travel practicality. The included limited lifetime warranty adds an additional layer of long-term assurance.",,,,0,0,0,0,0,0,0,0,0,1
B0000BZOGY,"Targus XL Rolling Case Designed for 17-Inch Notebooks, Black (TXL717)",Computers,neutral_tone_quality_persona,2,10,"Built for consistent performance, this mobile laptop case supports devices up to 17 inches and prioritizes travel efficiency. The in-line skate wheels and adjustable telescoping handle provide stable movement across varied surfaces. An ergonomic grip enhances handling comfort during longer commutes or trips. Its airline carry-on compatibility and limited lifetime warranty reinforce its focus on durability and sustained reliability.",,,,0,0,0,0,0,0,0,0,0,1
B0000BZOGY,"Targus XL Rolling Case Designed for 17-Inch Notebooks, Black (TXL717)",Computers,neutral_tone_quality_persona,3,10,"This rolling notebook case is engineered to support dependable transport for larger laptops, accommodating most 17-inch screens. It features in-line skate wheels and a 3-stage telescoping handle designed for smooth, controlled mobility through frequent travel. An ergonomic handle improves comfort during extended carrying, while the carry-on compliant design supports air travel convenience. The construction and warranty coverage emphasize long-term usability and protection.",,,,0,0,0,0,0,0,0,0,0,1